{
    "best_threshold": 0.3741287887096405,
    "metrics": {
        "accuracy": 0.8194353250164149,
        "precision": 0.8277945619335347,
        "recall": 0.7729196050775741,
        "f1": 0.799416484318016,
        "auc": 0.8897155907028967
    },
    "confusion_matrix": [
        [
            700,
            114
        ],
        [
            161,
            548
        ]
    ]
}